postal_code,coordinates
69917-400,"(42.913158, -1.5240512)"
69940-000,"(-9.0643191, -68.6568501)"
69970-000,"(-8.1596647, -70.7622575)"
69980-000,"(-7.608873563636364, -72.68029588181818)"
57920-000,"(45.5290072, 9.1646573)"
57018-000,"(43.3581911, 10.4545023)"
57071-000,"(44.33545328539326, -96.84542533707865)"
57100-000,"(-9.513244216666667, -35.8101271)"
57160-000,"(-9.727939025, -35.84166123333333)"
57800-000,"(-9.1320584, -36.03633385)"
57150-000,"(-9.601979933333332, -35.959662333333334)"
57690-000,"(-9.507593808333333, -36.03920536666667)"
57240-000,"(-9.73184685, -36.05834371)"
57230-000,"(-10.09494452, -36.1291409)"
57250-000,"(45.4621133, 9.2408408)"
57265-000,"(-9.9101504, -36.35446358)"
57200-000,"(-10.238724096590909, -36.6188404875)"
57360-000,"(-9.8850773, -36.8301879)"
57500-000,"(-9.37034745, -37.24619365)"
57445-000,"(-9.557178166666667, -37.37790686666667)"
57480-000,"(-9.37815774, -37.99999152)"
68907-000,"(-12.12342205, -44.955357711947215)"
68908-000,"(-12.12377245, -44.95527475)"
68902-000,"(40.60344493333333, -98.40705606666667)"
68905-000,"(-12.12331535, -44.95521405)"
68900-000,"(-12.12352555, -44.95516425)"
68904-000,"(-12.1233854, -44.95519745282474)"
68903-000,"(-12.12356215, -44.95532455)"
68925-000,"(-0.06962736, -51.17325118)"
68924-000,"(42.6639597, -2.0338195)"
69190-000,"(-6.55200934, -58.06200524)"
69230-000,"(45.7535973, 4.8474388)"
69100-000,"(-3.1293697714285713, -58.447272285714284)"
69240-000,"(30.62387295, 104.0779449438704)"
69200-000,"(-4.38588075, -59.59352055)"
69117-000,"(-2.6947946, -59.6995913)"
69088-000,"(-12.12554705, -44.95551935)"
69086-000,"(-12.1256537, -44.95566301192857)"
69084-000,"(-12.12502285, -44.95581235)"
69089-000,"(47.86603818333333, 35.01094031666667)"
69085-000,"(-12.125092949999999, -44.95579578805278)"
69099-000,"(-12.12582735, -44.95545295)"
69087-000,"(-12.1256171, -44.95550275)"
69099-000,"(42.8562273, -1.5824052)"
69098-000,"(47.84737897826087, 35.225329082608695)"
69097-000,"(47.80984931923077, 35.04919926153846)"
69082-000,"(-12.12505635, -44.95563551194722)"
69096-000,"(42.9496089, 17.039034)"
69095-000,"(47.80462555294118, 35.19707512352941)"
69735-000,"(-2.05034885, -60.019114875)"
69073-000,"(-12.12661485, -44.9553932)"
69090-000,"(-12.12551355, -44.955696200000006)"
69055-010,"(-3.0733769, -60.0247502)"
69093-000,"(47.88386467894737, 35.01453867368421)"
69039-000,"(40.673541, -100.380349)"
69030-680,"(42.8748992, 17.5589801)"
69029-000,"(40.714598, -100.205771)"
69035-000,"(47.843828557575755, 35.12865809090909)"
69038-000,"(40.65852, -100.627027)"
69250-000,"(-3.6630882, -59.8774577)"
69405-000,"(30.62387295, 104.0779449438704)"
69435-000,"(30.62387295, 104.0779449438704)"
69400-000,"(-3.2928672259036147, -60.62517770421686)"
69280-000,"(30.62387295, 104.0779449438704)"
69800-000,"(-7.5137458875, -63.027072103125)"
69460-000,"(-4.093276379903537, -63.14242578311897)"
69470-000,"(-3.3915888655737705, -64.79111939508198)"
69830-000,"(-7.2499951, -64.7833798)"
69750-000,"(-0.11633864736842106, -67.09527546315789)"
69600-000,"(-4.7384382, -69.5246815)"
69640-000,"(-4.2334175, -69.9311005)"
69880-000,"(-6.6585254, -69.8720872)"
69630-000,"(-4.37720205, -70.0302988)"
69895-000,"(-7.54502, -72.5819803)"
48370-000,"(-11.8044214, -37.9406715)"
48330-000,"(36.649626, -80.653169)"
48180-000,"(30.62387295, 104.0779449438704)"
48280-000,"(-12.5406867375, -38.0998189)"
48475-000,"(-11.310699933333332, -38.22015726666667)"
48120-000,"(-12.4302144975, -38.3284241275)"
42850-000,"(-12.6154926, -38.2960509)"
42800-970,"(-12.6947358, -38.331069)"
42700-000,"(-12.88809146875, -38.31081724375)"
41600-090,"(62.4263207, 28.6329185)"
43700-000,"(-12.794262814285714, -38.40228808571429)"
48490-000,"(-11.752491385714285, -38.32030062142857)"
48410-000,"(-10.5976873, -38.3807154)"
48110-000,"(-12.366281971428572, -38.38564772857143)"
41820-000,"(-12.985665566666666, -38.46783383333333)"
41100-140,"(23.0388319, -81.517497)"
40385-090,"(62.4263207, 28.6329185)"
40370-006,"(60.4075145, 22.4157123)"
40241-000,"(30.62387295, 104.0779449438704)"
40301-155,"(-12.9810753, -38.4960891)"
48400-000,"(-10.83327835, -38.54237585)"
40286-000,"(36.649626, -80.653169)"
43850-000,"(-12.5161536, -38.49721493333333)"
48540-000,"(30.62387295, 104.0779449438704)"
43900-000,"(-12.618028866666668, -38.67023413333333)"
40301-110,"(-12.81723352, -38.5661929)"
44470-000,"(-13.017309042857143, -38.66494662857143)"
44230-000,"(47.2203023, -1.5296228)"
44200-000,"(-12.550098438965517, -38.707845817586204)"
48790-000,"(-10.96851972, -38.7895734)"
48500-000,"(45.4461808, 9.2537363)"
44300-000,"(-12.571105994444444, -38.97141653888889)"
44420-000,"(49.7685531, 17.1987048)"
44330-000,"(-12.433859833333333, -38.95073844444444)"
48700-000,"(-11.66804063, -39.02242464)"
48760-000,"(-11.337313159999999, -38.96312682)"
44380-000,"(-12.66729296923077, -39.10355493076923)"
45445-000,"(33.812648, -95.391568)"
45400-000,"(-13.3590573, -39.06854536)"
48730-000,"(-11.57244948181818, -39.27816315454545)"
44190-000,"(33.793368, -95.494593)"
45810-000,"(-16.43468316818182, -39.0860124875)"
44640-000,"(-11.8011671, -39.3814852)"
48800-000,"(45.46089, 9.2218533)"
48880-000,"(-11.2435461, -39.26610315)"
45820-970,"(-16.371892933333335, -39.57905766666667)"
45300-000,"(-13.0288759, -39.60095055)"
45920-000,"(-17.895592970588233, -39.43113875294118)"
45997-000,"(20.482222, -102.943056)"
45570-000,"(-14.093566, -39.72085011666667)"
45995-000,"(42.1658191, -1.6855993)"
45836-000,"(-17.1815514, -39.5818095)"
44600-000,"(-12.1640731, -39.737512)"
48850-000,"(-10.693968025, -39.8529333125)"
45930-000,"(-18.005534312941176, -39.76025575411765)"
45345-000,"(-13.5134833, -40.0561763)"
45700-000,"(-15.24720445042735, -40.246878963247866)"
48960-000,"(45.4715601, 9.1531801)"
48970-000,"(-10.46485076, -40.18496082)"
46880-000,"(-12.528289683333332, -40.30356657777778)"
45260-000,"(-14.5285203, -40.3705063)"
44700-000,"(-11.177958225, -40.530001175)"
44790-000,"(-10.50750296, -40.32242926)"
44850-000,"(-11.548984633333333, -41.15838491111111)"
47300-000,"(44.3971192, 0.7108165)"
47350-000,"(-9.741178872727273, -41.88259322727273)"
46100-000,"(-14.19610725, -41.66373315)"
44900-000,"(-11.306958718181818, -41.8630232)"
46900-000,"(-12.430463183743841, -41.776162428571425)"
46140-000,"(-13.651323233548387, -41.84329578677419)"
47200-000,"(-9.6252782, -42.0856514)"
46400-000,"(-14.067201945748032, -42.4887968018504)"
46500-000,"(-13.05610965, -42.61769)"
47400-000,"(33.846519, -95.317855)"
46430-000,"(-14.228378862822721, -42.772449431153184)"
47240-000,"(30.62387295, 104.0779449438704)"
47600-000,"(-13.25893563888889, -43.43157040555556)"
47100-000,"(30.62387295, 104.0779449438704)"
47640-000,"(-13.392880734615384, -44.198391853846154)"
47820-000,"(-12.360963233333333, -44.9766169)"
47850-000,"(-12.164113057142856, -45.84375134285714)"
62800-000,"(-4.560707157894736, -37.75957869298246)"
62930-000,"(-5.14561994, -38.09302756666667)"
62840-000,"(-4.1744394, -38.134143275)"
62900-000,"(-4.940050688888888, -37.97712434444444)"
62850-000,"(-4.11138766, -38.23749383333333)"
61700-000,"(-3.937993101408451, -38.39608874084507)"
62940-000,"(-5.106279066666667, -38.36816686666667)"
61760-000,"(-3.854756956, -38.441991616)"
62880-000,"(-4.099683180434782, -38.493665552173916)"
62870-000,"(-4.167907933333334, -38.47087726666667)"
60810-670,"(-3.8091756200000004, -38.5423984)"
61880-000,"(-3.949988784848485, -38.52518829090909)"
60860-445,"(-3.784899328888889, -38.52942906888889)"
60010-450,"(-3.7217569784313724, -38.544134482352945)"
60762-000,"(52.400576083333334, 16.897544283333335)"
60714-222,"(-3.8147262, -38.5876182)"
60346-196,"(-3.7080012, -38.5902245)"
60540-256,"(-3.7873273631578943, -38.62284257894737)"
60526-670,"(-3.74870615, -38.5971677)"
60540-272,"(-3.7704095, -38.4741503)"
60440-000,"(49.13844943684211, 2.8248202421052633)"
60020-181,"(-3.743564425454546, -38.54152222181818)"
60511-080,"(-3.7505513200000005, -38.57969555333334)"
60730-190,"(49.28764865, 2.241959284383862)"
61800-000,"(-3.9150725, -38.612303675)"
60543-000,"(41.68727154960143, -88.33545200393306)"
60541-000,"(58.469859926041664, 26.839397240625)"
63210-000,"(44.0717478, 15.5242026)"
63430-000,"(-6.4019189, -38.85680553333333)"
62760-000,"(-4.350881533333333, -38.89899463333333)"
63260-000,"(-7.50411263, -38.95851429)"
63900-000,"(-4.968824816666666, -39.0173661)"
62680-000,"(-3.4753507375, -39.0465588)"
62670-000,"(-3.5394703878787874, -38.981038215151514)"
63200-000,"(34.480666, -94.896655)"
62640-000,"(-3.77820937368421, -39.23453455263158)"
62685-000,"(-3.435465914285714, -39.146727735714286)"
63500-000,"(-6.36054275, -39.29965375)"
63540-000,"(-6.757452361764705, -39.22740567647059)"
63180-000,"(-7.308150409523809, -39.3290849)"
63800-000,"(-5.216852433333334, -39.29965434)"
62690-000,"(-3.250078617647059, -39.2591373)"
62700-000,"(-4.371584947368421, -39.310592615789474)"
63560-000,"(-6.090995833333333, -39.45048833333333)"
62600-000,"(-3.6989154799999997, -39.57277438)"
62540-000,"(-3.273478008450704, -39.77656384225352)"
63610-000,"(-5.7416644, -39.623034)"
62500-000,"(-3.441803360869565, -39.58218624347826)"
63870-000,"(-5.11294776923077, -39.72918607692308)"
63630-000,"(21.9530545, -105.12094498311316)"
62590-000,"(-2.931691688888889, -39.86382603333333)"
62280-000,"(36.649626, -80.653169)"
62580-000,"(-2.880631933333333, -40.11986136666667)"
62150-000,"(30.62387295, 104.0779449438704)"
63660-000,"(-6.0024479799999995, -40.29545056)"
62140-000,"(-3.5144351444444446, -40.397986055555556)"
62250-000,"(-4.3266335, -40.7124096)"
63700-000,"(-5.2238203, -40.660604757142856)"
62400-000,"(-2.8976141786885248, -40.85501989180327)"
62230-000,"(-4.5341075, -40.712712)"
62380-000,"(-4.15817545, -40.77087455)"
62370-000,"(-4.0519466, -40.8658068)"
62350-000,"(30.62387295, 104.0779449438704)"
62430-000,"(-3.12020177, -40.82767196)"
62320-000,"(-3.731449388, -40.996350136000004)"
62300-000,"(-3.5365772399999997, -41.21117068)"
71625-205,"(64.2240872, 27.7334227)"
70200-001,"(34.176407, -95.029311)"
70297-400,"(-15.776967285185185, -47.87737766481481)"
72025-065,"(-15.85655035, -48.0386115)"
72110-600,"(-15.815393819999999, -48.040367460000006)"
72016-190,"(-15.8427886, -48.058274)"
29172-000,"(48.08439395, -4.3274496)"
29171-000,"(55.50123030441177, 25.03326904117647)"
29160-000,"(36.896466555555556, -4.418838155555555)"
29162-000,"(55.47187267076923, 25.180036912307692)"
29107-000,"(55.536504882352936, 25.106611870588235)"
29101-420,"(-20.3432369, -40.2879349)"
29102-020,"(-20.367514757142857, -40.30154575714286)"
29127-000,"(34.15833384243028, -81.50419096752988)"
29142-000,"(55.510671188888885, 25.08834052222222)"
29135-000,"(-20.355201520652177, -40.458353761956516)"
29780-000,"(-18.99437571369863, -40.5191084369863)"
29830-000,"(-18.6594240019084, -40.45958482061069)"
29645-000,"(-20.08915352017804, -40.77518551928784)"
29800-000,"(-18.717385598924732, -40.86403343763441)"
29360-000,"(-20.59955569243295, -41.208374954022986)"
73900-000,"(-14.3044522, -46.4914319)"
73850-000,"(-16.76834395, -47.60988685)"
73750-000,"(35.852420284615384, -97.9351840816568)"
72880-000,"(-16.110061375, -47.9313992)"
72900-000,"(-15.9458445, -48.2603467)"
72910-000,"(-15.743797540000001, -48.2771119)"
73700-000,"(-15.2611181, -48.2642963)"
76420-000,"(-14.46865835, -48.4593633)"
76400-000,"(-14.5276873, -49.14487855555556)"
75650-000,"(-17.7324253, -49.131252)"
76380-000,"(-15.327846959999999, -49.11833003333333)"
76550-000,"(-13.2303973, -50.47702095813953)"
74175-120,"(-16.707083, -49.259013)"
74465-140,"(-16.6402374, -49.3402892)"
76330-000,"(-15.75260025, -49.32522555)"
75370-000,"(-16.536337383333333, -49.40521088333333)"
75400-000,"(-16.352320533333334, -49.506106833333334)"
76630-000,"(-16.023509825, -49.80021665)"
75860-000,"(-18.449011685714286, -50.451401142857144)"
75920-000,"(-17.817343366666666, -50.60568673333333)"
75903-000,"(31.390861, -94.739579)"
75830-000,"(-17.5598815, -52.5584577)"
65570-000,"(-2.9033372857142856, -41.91913825714286)"
65580-000,"(-2.81938414, -42.3127528)"
65520-000,"(-3.6819559555555554, -42.75197516666667)"
65634-000,"(38.020828, -93.215776)"
65631-000,"(37.012835833944955, -93.43750488807339)"
65590-000,"(-2.7423489423076925, -42.82003755769231)"
65620-000,"(-4.25567860909091, -43.01516918181818)"
65530-000,"(42.8949361, -1.4583664)"
65500-000,"(-3.740131088888889, -43.354988427777776)"
65640-000,"(-5.637505404444444, -43.30011248666667)"
65430-000,"(-3.5497171, -43.91690755)"
65400-000,"(-4.456388372580645, -43.88874733225806)"
65138-000,"(-2.440704283333333, -44.127734025)"
65110-000,"(-2.543151569767442, -44.1468026627907)"
65130-000,"(-2.53651048, -44.156909625)"
65690-000,"(-6.0281574, -44.24816871666667)"
65415-000,"(-4.126988253846154, -44.124292446153845)"
65060-000,"(43.7220262, 15.9073464)"
65137-000,"(-2.5354373, -44.1712858)"
65150-000,"(-2.94313185, -44.24444998333333)"
65063-000,"(38.72611627912088, -92.08234385054945)"
65067-430,"(43.6723435, 16.0495231)"
65052-050,"(43.8109434, 16.1848638)"
65099-000,"(42.8862323, -2.0186689)"
65066-620,"(43.7046513, 16.0285784)"
65049-000,"(46.43439970471698, 30.73908090896226)"
65043-000,"(57.66474128947369, 27.226584621052627)"
65485-000,"(-3.397160475, -44.35721250833333)"
65065-000,"(46.4359148224, 30.7253837808)"
65000-000,"(-2.548090833333333, -44.2991652)"
65052-000,"(38.064423689795916, -92.71701803061224)"
65145-000,"(-3.1482926583333333, -44.32726561666667)"
65790-000,"(-5.600662, -44.36097305925926)"
65760-000,"(-5.296223588888889, -44.49534726666667)"
65495-000,"(-3.5605976, -44.576742)"
65470-000,"(-4.037280960869565, -44.46827806521739)"
65725-000,"(-4.575718872222223, -44.5964838)"
65763-000,"(-5.2588386, -44.647573)"
65700-000,"(-4.22687596, -44.78629145)"
65350-000,"(30.62387295, 104.0779449438704)"
65235-000,"(-2.700581727027027, -44.83396815675676)"
65215-000,"(-3.2114045, -44.9998824)"
65200-000,"(-2.523505276190476, -45.086752104761906)"
65715-000,"(-4.563935988888889, -45.13076097222222)"
65950-000,"(-5.503653903448276, -45.24644365517241)"
65213-000,"(-3.292319285714286, -45.174193814285715)"
65360-000,"(-3.46149755, -45.33652255)"
65208-000,"(-2.236501075, -45.304332525)"
65370-000,"(-3.61610041, -45.33889303)"
65278-000,"(31.926568, 35.039298)"
65300-000,"(-3.660463032, -45.380275144)"
65948-000,"(42.9802708, -1.3727384)"
65390-000,"(-3.968602192307692, -45.66141856153846)"
65398-000,"(-3.7785491527272725, -45.94254706545454)"
65365-000,"(-3.2843766, -45.6536659)"
65940-000,"(-5.808502438461538, -46.12762471538461)"
65393-000,"(-4.340028692929293, -46.435488057979796)"
65800-000,"(-7.538569210344827, -46.04290248275862)"
65380-000,"(-3.56754364, -45.687957360000006)"
65923-000,"(-5.4266759469879515, -46.67598764457831)"
65395-000,"(-4.480898172727272, -46.85523134545454)"
65975-000,"(-6.564438345821325, -47.44455708270893)"
65930-000,"(-4.915768844329897, -47.45391541546392)"
65900-000,"(30.62387295, 104.0779449438704)"
78652-000,"(-10.653906647058824, -51.57111475882353)"
78600-000,"(-15.888597627777779, -52.27882420925926)"
78530-000,"(48.8095808, 2.1357131)"
78850-000,"(-15.544165084000001, -54.307543544000005)"
78520-000,"(-9.951946257142856, -54.91123102857143)"
78840-000,"(-15.5586653375, -55.176599625)"
78553-000,"(53.50500284604811, 16.324286276975943)"
78890-000,"(-12.549352314285715, -55.73127967692307)"
78076-000,"(26.857156905319147, -99.18525057872341)"
78120-000,"(48.63172739709302, 1.8406585127906978)"
78450-000,"(-13.990998294117647, -56.055749135294114)"
78135-730,"(37.0427886, 35.2998684)"
78158-720,"(-15.6214476, -56.1159435)"
78455-000,"(-13.075654966666667, -55.92566151333333)"
78580-000,"(-9.884007161764705, -56.09926868823529)"
78573-000,"(14.876549149999999, 120.23270985698575)"
78390-000,"(-15.0720888, -57.179823)"
78200-000,"(-16.070023410204083, -57.6833176)"
78360-000,"(-13.659251727272729, -57.883620063636364)"
78300-000,"(-14.621175469999999, -57.48682555)"
78320-000,"(-11.416963533333332, -58.760398)"
78250-000,"(-15.23583255142857, -59.33108384)"
78335-000,"(30.62387295, 104.0779449438704)"
79500-000,"(-19.55538367777778, -51.52367227222222)"
79640-310,"(-20.78245186, -51.70478412)"
79750-000,"(-22.24384703414634, -53.354446117073174)"
79950-000,"(-23.06394110940171, -54.19702411794872)"
79130-000,"(-21.8026513, -54.5438138)"
79170-000,"(-20.9292299, -54.9576484)"
79990-000,"(-23.11019215, -55.22656795)"
79150-000,"(-21.6196163, -55.15994195)"
79900-000,"(-22.5366872, -55.730382)"
79200-000,"(-20.471875242857145, -55.79587116071428)"
39860-000,"(-17.84041619037037, -40.34550830296296)"
39900-000,"(-16.177603136363636, -40.695253990909094)"
39600-000,"(-16.86773694823009, -42.035061273451326)"
36905-000,"(45.4789938, 9.1381719)"
39550-000,"(-15.810231969387754, -42.23010305714286)"
36900-000,"(-20.255386808333334, -42.03469513333333)"
39560-000,"(-16.2047682, -42.28670845)"
36880-000,"(-21.13138085, -42.37999285)"
39680-000,"(-17.69573996153846, -42.52263627307692)"
35167-000,"(-19.395543814285713, -42.54155707142857)"
35160-000,"(55.73413917999999, 24.34803798)"
35163-000,"(55.7341522, 24.34225215)"
35162-000,"(55.73386645, 24.343461)"
35171-000,"(50.39851086666667, 25.386256833333334)"
36700-000,"(33.8900241, -95.6258916)"
36520-000,"(-21.01116935, -42.84386745)"
39740-000,"(-18.771381759615384, -42.93106533173077)"
39670-000,"(-17.89602125, -42.86607255)"
36570-000,"(-20.75659658888889, -42.87701872222222)"
36500-000,"(-21.113375966666666, -42.949490555555556)"
39520-000,"(-15.7801032, -43.01597132)"
35931-000,"(42.823555, -1.6112236)"
35900-000,"(3.693136396551724, 101.5158864)"
35420-000,"(-20.37754426153846, -43.41697186923077)"
39440-000,"(-15.8045457, -43.307046)"
36240-000,"(47.0740383, 1.3594747)"
35400-000,"(-20.386473898876403, -43.50375595393258)"
39100-000,"(-18.08740508935065, -43.60026487)"
34800-000,"(45.4276068, 9.1731317)"
39508-000,"(-15.3324306, -43.6718436)"
36420-000,"(-20.5183571, -43.69924325)"
39390-000,"(-17.168833753846155, -43.849989746153845)"
36200-008,"(33.740985, -95.844092)"
36400-000,"(-20.664332525, -43.794005875)"
35450-000,"(-20.2685387, -43.80908818)"
39402-000,"(49.4441666, 34.87)"
39400-000,"(46.52435537105263, 6.016889634210526)"
36415-000,"(-20.505839066666667, -43.8654647)"
39403-000,"(36.0915409375, 128.40545254583333)"
39401-000,"(31.300930889846455, -89.30067896359584)"
33400-000,"(-19.6342482, -43.90086157142857)"
30120-010,"(-19.9057784, -43.8966121)"
30110-017,"(-19.938042, -43.9256056)"
30110-042,"(-19.9399568, -43.9362304)"
33200-000,"(-19.750819625, -43.9541958)"
31270-705,"(53.5142351, 10.016123882486694)"
30110-051,"(50.6168929, 16.1266369)"
30180-001,"(-19.9259838, -43.9512866)"
32140-000,"(36.7805269, 34.5343618)"
35720-000,"(-19.5606108, -44.0810281)"
33600-000,"(30.62387295, 104.0779449438704)"
32400-000,"(-19.9982897, -44.0998626)"
32450-000,"(-20.03640845, -44.14307835)"
35460-000,"(-20.145132497959185, -44.18952180408163)"
32671-072,"(-19.9460832, -44.1114145)"
35701-000,"(50.52502804615384, 26.230976646153845)"
35740-000,"(-19.747360033333333, -44.15795326666667)"
35700-000,"(48.12615695286344, -1.6501402656387665)"
32920-000,"(-20.049662442857144, -44.260402385714286)"
35740-000,"(48.15169206824302, -1.7741946233497539)"
32900-000,"(-20.072017541666664, -44.3079686)"
35790-000,"(-18.762176805555555, -44.42978575555556)"
35661-000,"(50.251209, 26.015514)"
35680-000,"(48.00640353253012, -1.2704985578313255)"
35660-000,"(50.333880439999994, 25.933921259999998)"
39260-000,"(-17.538474833333336, -44.74842428333333)"
35540-000,"(-20.696241575, -44.827414809375)"
35500-000,"(4.095694381818182, 101.27439356363637)"
39300-000,"(-15.949924976923079, -44.85601796153846)"
39270-000,"(-17.34084495, -44.93538514166667)"
35501-000,"(48.1210674, -1.209564)"
39480-000,"(-15.485129466666665, -44.3909072)"
35502-000,"(48.120294, -1.2095478)"
35519-000,"(-19.8773427375, -44.9866071734375)"
37470-000,"(-22.117491208695654, -45.05639029565217)"
37200-000,"(-21.235586617582417, -44.99502603406593)"
37410-000,"(-21.698326095, -45.26442853)"
37270-000,"(-20.89377651462264, -45.27076633561321)"
35600-000,"(-19.74035309281437, -45.2545220239521)"
35590-000,"(-20.019582833333335, -45.5452504)"
37190-000,"(-21.37005243076923, -45.49606366923077)"
35570-000,"(-20.466017782352942, -45.43449813529411)"
35588-000,"(-20.28021758181818, -45.54174421818182)"
37170-000,"(-21.089479749099098, -45.56997631171171)"
37540-000,"(-22.251692090909092, -45.70585671818182)"
37750-000,"(-21.6821369125, -45.907428475)"
38770-000,"(-17.7398543, -46.1745797)"
37550-000,"(-22.24045767142857, -45.922843)"
37130-000,"(-21.42342055, -45.9610925)"
38800-000,"(-19.326394055555554, -46.0644172)"
37925-000,"(-20.466297025, -45.968713075)"
37640-000,"(-22.853333509523807, -46.320426361904765)"
38702-000,"(20.2950648, -100.74795596666667)"
37795-000,"(-22.0790677, -46.5763954)"
37900-000,"(21.292845457142857, -100.51874560714285)"
37800-000,"(-21.30440751025641, -46.71174357692308)"
38610-000,"(-16.33171306, -46.85079423)"
38600-000,"(-17.21874000326087, -46.871041756521734)"
37950-000,"(-20.91749302972973, -46.98264399459459)"
38740-000,"(-18.94588645, -46.99446625)"
38500-000,"(-18.77104907473397, -47.47457014084584)"
38408-000,"(48.0677576, 11.691092)"
38410-000,"(55.775766768, 24.36680674)"
38405-000,"(35.9521079, 128.77594698)"
38400-000,"(45.18245076567164, 5.760662200995025)"
38401-000,"(49.006154022123894, 14.054742128318583)"
38413-000,"(49.6418847140625, 34.1426785484375)"
38415-000,"(49.6030901, 34.17340614)"
38200-000,"(-20.0260374, -48.93216627142857)"
38280-000,"(-19.680846974418603, -50.41708616046512)"
83280-000,"(-25.888011985714286, -48.66067679285714)"
83430-000,"(-25.3289277, -49.065483855555556)"
83404-000,"(36.649626, -80.653169)"
82590-100,"(46.6409028, 16.0399848)"
82590-300,"(-25.4791247, -49.26601481666667)"
82860-140,"(45.9663607, 14.2980772)"
80610-270,"(34.2018934, -118.5863896)"
81020-490,"(-25.47724792857143, -49.32165134285714)"
83540-000,"(-25.1888791625, -49.313568275)"
84200-000,"(-30.142046, 30.8255067)"
83750-000,"(-25.77011482380952, -49.717777266666666)"
86400-000,"(-23.138696094701988, -49.96093626423841)"
86430-000,"(-23.291446775, -50.0673307)"
84043-450,"(40.3928957, -111.882204)"
83900-000,"(-25.87827858, -50.387961739999994)"
86300-000,"(-23.18117267279412, -50.647635715441176)"
84500-000,"(-25.4696169625, -50.6458192875)"
86200-000,"(-23.271006889118198, -51.0523815478424)"
84600-000,"(-26.22696105, -51.085775175)"
84400-000,"(-25.211809643902438, -50.98122020731707)"
86030-030,"(-23.268490766666666, -51.14938506666667)"
86079-080,"(34.395311199999995, 4.994384673542294)"
86600-000,"(-23.31473918181818, -51.37829937272728)"
85555-000,"(-26.48289672, -51.99888082)"
86990-000,"(-29.5843496, 31.0556024)"
87035-510,"(-30.0206308, 30.6976783)"
87140-000,"(-23.4611851, -52.0391384)"
87200-000,"(-23.6741302, -52.611969)"
85660-000,"(-25.746562863636363, -53.0590488909091)"
85884-000,"(-25.28926448125, -54.08881400625)"
85960-000,"(-24.548176106849315, -54.061623287328764)"
58310-000,"(-7.029941366666667, -34.8332647)"
58070-000,"(19.683312144444447, -101.1869498)"
58087-000,"(19.6682416, -101.22325655)"
58303-000,"(55.47166475, 23.87932225)"
58280-000,"(-6.83742795, -35.12727574166667)"
58340-000,"(-7.093511133333333, -35.22664843333333)"
58200-000,"(-6.8555008285714285, -35.488391428571425)"
58400-000,"(50.76990944665568, 16.027124055255353)"
58475-000,"(-7.367263033333333, -35.90436379166667)"
58500-000,"(-7.8896826, -37.11966425)"
58865-000,"(-6.5047672, -37.4497367)"
58900-000,"(-6.885959521428572, -38.55709732857143)"
68617-000,"(-46.62197, -68.82326)"
68620-000,"(-1.1469997, -46.3362415)"
68610-000,"(-1.0230826333333334, -46.63614903333333)"
68600-000,"(-1.0708415423076925, -46.76997596538462)"
68650-000,"(-1.7390485333333332, -47.0586969)"
68721-000,"(-0.6308036, -47.34463886666667)"
68625-000,"(-12.12311055, -44.9575524)"
68632-000,"(-3.7554588, -47.502330375)"
68725-000,"(-1.1275265, -47.6215124)"
68660-000,"(-1.62078545, -47.48079625)"
68658-000,"(-46.5262, -68.87048)"
66633-000,"(57.895395928571425, 26.683796414285712)"
68750-000,"(-0.7351968113636363, -47.85392433863636)"
68633-000,"(-4.2853889, -47.5427582)"
68637-000,"(-2.5578179, -47.50050664)"
68685-000,"(42.6623584, -2.0305797)"
68790-000,"(-1.2910436888888888, -48.1479065)"
68780-000,"(-0.8625334, -48.1419378)"
68786-000,"(-1.1519481363636364, -48.13261159090909)"
68680-000,"(47.6778145, 7.5217992)"
68795-000,"(-1.3136611333333335, -48.29771508333333)"
67105-290,"(46.4367174, 17.7709817)"
67033-000,"(43.698733, 16.6190659)"
67000-000,"(30.62387295, 104.0779449438704)"
68690-000,"(47.863255800000005, 7.055178556762333)"
67100-000,"(41.15165590150376, 24.899937847368424)"
66640-000,"(49.516223218597005, 7.161835690938984)"
66823-060,"(-1.33407185, -48.4491223)"
68638-000,"(42.6711399, -2.0346023)"
66033-340,"(42.8878745, -1.097145)"
68447-000,"(-1.508620825, -48.7000812125)"
68445-000,"(-1.527539375, -48.61630935)"
68695-000,"(-2.9437858, -48.9547622)"
68440-000,"(-1.7340464800000002, -48.86978466)"
68639-000,"(42.6710277, -2.0347235)"
68830-000,"(47.9337528, 7.009130814300116)"
68506-000,"(58.004193283908045, 25.732621149425285)"
68450-000,"(30.62387295, 104.0779449438704)"
68430-000,"(-1.9787131800000002, -48.96147906)"
68590-000,"(-4.4443071125, -49.12570625)"
68825-000,"(-1.5411512, -49.2419508)"
68488-000,"(-3.777154056521739, -49.569260460869565)"
68420-000,"(-2.5515822399999997, -49.52799038)"
68400-000,"(-2.24421809, -49.499546269999996)"
68540-000,"(47.85300465, 7.258357271037031)"
68465-000,"(42.6643452, -2.0196675)"
68580-000,"(-5.19922905, -49.9103515)"
68470-000,"(14.881622, 120.23353614999999)"
68815-000,"(42.6687485, -2.021188)"
68537-000,"(-6.5352306, -49.85079361666667)"
68475-000,"(-1.8995019363636363, -50.208851736363634)"
68473-000,"(-4.247592233333334, -49.95259177619048)"
68515-000,"(-6.197358856603774, -49.6683710509434)"
68560-000,"(-9.3379116, -50.3351236)"
68800-000,"(-1.6843043, -50.480227846666665)"
68485-000,"(-3.7644584, -50.50771155)"
68890-000,"(-0.15819083333333334, -50.38950563333333)"
68480-000,"(-1.9347317, -50.8254336)"
68365-000,"(14.89323195, 120.2257821)"
68385-000,"(-6.7473269, -51.1618154)"
68390-000,"(47.8028549, 7.4069256886976325)"
68300-000,"(-1.4059053, -51.64434645555556)"
68380-000,"(-6.64170735, -51.9782329)"
68330-000,"(47.6778145, 7.5217992)"
68145-000,"(42.6696554, -2.0293084)"
68140-000,"(-3.7036499333333337, -53.65359123333333)"
68230-000,"(-1.5263019, -52.5739521)"
68220-000,"(-2.005164425, -54.0718494)"
68138-000,"(42.6811063, -2.0272223)"
68015-000,"(57.69235507453704, 26.28417869398148)"
68025-000,"(48.1153996, 7.3558238)"
68200-000,"(30.62387295, 104.0779449438704)"
68165-000,"(-4.096303047368421, -54.909702768421056)"
68250-000,"(-1.9046070015384615, -55.51299134)"
68170-000,"(46.5289549, 17.1971965)"
68270-000,"(-1.7694783714285713, -55.86105211428572)"
50030-230,"(-8.05932216111111, -34.87888156111111)"
51020-000,"(-8.116893, -34.902070333333334)"
50050-290,"(-8.047352866666667, -34.891974633333334)"
53600-000,"(-7.8567547285714285, -34.909004585714285)"
51021-000,"(44.1260714, 10.6654225)"
51130-020,"(35.3209446, 136.9224827)"
51210-902,"(-8.1313707, -34.9185277)"
55900-000,"(-7.587137026428572, -34.974882928571425)"
54590-000,"(49.495941275, 5.862324675)"
54590-000,"(-8.309268840000001, -34.98539478)"
55590-000,"(-8.495171402857142, -35.01356013142857)"
55920-000,"(-7.405924325, -35.112750575)"
54800-000,"(-8.11755646875, -35.1131284375)"
55825-000,"(-7.90225634137931, -35.15143259655172)"
55580-000,"(-8.60665775925926, -35.10973631481481)"
55890-000,"(-7.6650455, -35.172795316666665)"
55560-000,"(-8.813364, -35.1971869)"
55500-000,"(-8.516545959090909, -35.41513803409091)"
55870-000,"(-7.5083467, -35.3156323)"
55520-000,"(-8.495381233333333, -35.36696985)"
55700-000,"(-7.882690859999999, -35.44522031)"
55550-000,"(-8.6876518, -35.52078)"
55720-000,"(-7.854429766666668, -35.588407466666666)"
55730-000,"(-7.80706023125, -35.5947842125)"
55540-000,"(-8.703009527272727, -35.59340353181818)"
55680-000,"(-8.4830571625, -35.7267276625)"
55400-000,"(45.4407666, 9.1705475)"
55750-000,"(-7.834513025, -35.754164775)"
55660-000,"(-8.231494025773197, -35.750329481443295)"
55125-000,"(-8.0064646125, -36.071259625)"
55130-000,"(-8.3260668, -36.1387077)"
55170-000,"(-8.1454644, -36.3708306)"
55385-000,"(-8.6620263, -36.3213213)"
55190-000,"(-7.9470827, -36.21296135)"
55370-000,"(30.62387295, 104.0779449438704)"
55290-000,"(-8.8819153, -36.4836485)"
55330-000,"(-9.1645301, -36.6869701)"
55200-000,"(-8.35790626590909, -36.69427518863636)"
55340-000,"(-9.132802416666667, -37.10885196666667)"
56520-000,"(-8.620200866666668, -37.1570707)"
56700-000,"(-7.4748380125, -37.2736779875)"
56600-000,"(30.62387295, 104.0779449438704)"
56800-000,"(-7.7513699201680675, -37.63596624957983)"
56640-000,"(-8.085984790909091, -37.638013245454545)"
56460-000,"(-8.9800775, -38.2186552)"
56400-000,"(-8.599804125, -38.5727714125)"
56000-000,"(-8.06967299090909, -39.12189347272727)"
56180-000,"(-8.51204525, -39.31175615)"
56380-000,"(-8.75585, -39.7965359)"
56220-000,"(-7.779535065384616, -39.935187269230774)"
56200-000,"(-7.88763379375, -40.0838999375)"
56260-000,"(-7.6493990400000005, -40.14639168)"
56280-000,"(-7.6142734, -40.480847860000004)"
64255-000,"(-4.427994009523809, -41.45547315714286)"
64600-000,"(-7.08189775, -41.430394625)"
64260-000,"(-4.281323913043478, -41.77747639565217)"
64280-000,"(-4.8316577, -42.17065451304348)"
64500-000,"(-7.014879653555556, -42.12573350466667)"
64180-000,"(-3.8660085, -42.3167444)"
64100-000,"(-4.245650875, -42.294430475)"
64290-000,"(-5.039349258333334, -42.46001998333333)"
64110-000,"(-4.756984475, -42.571850225)"
64770-000,"(-9.0169035375, -42.6931915375)"
64130-000,"(-4.1643450375, -42.8791623375)"
64120-000,"(-4.587871528571428, -42.859170185714284)"
64000-000,"(-5.44584136, -42.536222939999995)"
64800-000,"(58.0330408, 56.3058238)"
59164-000,"(-6.0694526, -35.15062165)"
59052-700,"(-5.81421045, -35.228952425)"
59149-090,"(44.5297094, 15.0769607)"
59148-902,"(44.7207225, 14.9713569)"
59071-000,"(51.68393645034695, 7.880936610608487)"
59140-971,"(-5.93773055, -35.27504265)"
59115-000,"(50.68078239117647, 3.2362813529411762)"
59162-000,"(50.4147092, 2.9338262)"
59290-000,"(-5.782402036842106, -35.31388411052632)"
59570-000,"(-5.639603791925466, -35.420508614285716)"
59280-000,"(-5.8863688454545455, -35.33119827272728)"
59584-000,"(-5.298171870921986, -35.48893470425532)"
59550-000,"(-5.53974294, -35.80619)"
59200-000,"(-6.228520725, -36.024231025)"
59380-000,"(-6.258146088888889, -36.52138502222222)"
59650-000,"(-5.575818770000001, -36.91661605)"
59300-000,"(-6.4616888928571425, -37.09296772142857)"
59700-000,"(-5.656318692727273, -37.80123677090909)"
95560-000,"(-29.328694587878786, -49.748257192929294)"
95555-000,"(-29.736634102777778, -50.00675423888889)"
95590-000,"(-30.011654264999997, -50.15364391)"
95520-000,"(-29.917001242105265, -50.267997921052626)"
95500-000,"(-29.83973815, -50.529603)"
95600-000,"(-29.64572467, -50.780557518)"
95680-000,"(-29.352370326666666, -50.817356493333335)"
95650-000,"(-29.57833203076923, -50.80029319230769)"
95630-000,"(-29.63382487368421, -50.83471545789474)"
95670-000,"(-29.3769927375, -50.87941801875)"
95200-000,"(-28.50276028, -50.93083946)"
93815-016,"(-29.6402661, -50.98484415)"
93700-000,"(48.92283888421053, 2.441937689473684)"
93700-000,"(-29.674119465217395, -51.05560129130435)"
93950-000,"(-29.586347226086957, -51.09091220869565)"
91160-000,"(48.796883449999996, 2.3282881068176864)"
91712-073,"(-3.910439, 119.738676)"
95047-500,"(59.826531, 5.722562)"
90160-091,"(-30.046445116666668, -51.21328166666667)"
90160-092,"(-30.0481441, -51.2127884)"
93600-000,"(-29.65357023333333, -51.175657683333334)"
92420-040,"(43.8676804, 7.6684569)"
90450-190,"(51.70313125, 19.413683844638552)"
93180-000,"(-29.69446991666667, -51.23456844166667)"
95180-000,"(-29.223954092000003, -51.344166052)"
92500-000,"(-30.115653939393937, -51.331206063636365)"
92990-000,"(-30.028209475, -51.39336888333333)"
95780-000,"(-29.68844435365854, -51.46054749512195)"
95700-000,"(-29.188053110714286, -51.539109571428575)"
96745-000,"(-29.960817294117646, -51.62640601764706)"
95720-000,"(-29.25324942380952, -51.52534735714286)"
96180-000,"(-30.847268152173914, -51.80786468913044)"
95880-000,"(-29.497220109195407, -51.961801196551725)"
96170-000,"(-31.366293083582093, -51.97872865298507)"
95800-000,"(-29.61679842352941, -52.17094856764706)"
99700-000,"(-27.639594872222222, -52.2718308)"
99150-000,"(-28.44873170833333, -52.20126155833333)"
99042-800,"(-28.2383616, -52.3702267)"
96050-500,"(-31.73615225, -52.3774546)"
96640-000,"(-29.97987206, -52.37219626)"
96600-000,"(-31.391949378098293, -52.68313844423077)"
99500-000,"(-28.297806640556903, -52.79415424794189)"
98280-000,"(-28.2965122, -53.50613392083333)"
98700-000,"(-28.398189429761903, -53.915607832142854)"
97300-000,"(-30.33290203778232, -54.32680046513229)"
96450-000,"(-30.97328853333333, -54.678349366666666)"
97700-000,"(-29.187526695, -54.869923125)"
97590-000,"(-30.26354614166667, -54.92925555)"
97670-000,"(-28.65894822285714, -56.00266573142858)"
97560-000,"(-30.38777241111111, -56.4518084962963)"
97650-000,"(-29.1304693, -56.5538118)"
97510-000,"(45.192306625, 34.040027225)"
28200-000,"(38.2156339825, 20.413382855000002)"
28230-000,"(-21.466960425510205, -41.08183847448979)"
28360-000,"(-21.13075726756757, -41.68280578243243)"
27970-020,"(-22.3460502, -41.791823)"
28400-000,"(-21.6446216375, -41.748173205)"
28300-000,"(-21.20728945, -41.88912749655172)"
28950-000,"(-22.755151848648648, -41.92635226216216)"
28908-000,"(50.184062221501016, 15.33997531825558)"
28920-000,"(36.4793952, 127.6987827)"
28940-000,"(34.340837, -94.569012)"
28860-000,"(-22.480779533333333, -42.109702033333335)"
28470-000,"(-21.58146973181818, -42.23849015)"
28970-000,"(-22.8673050125, -42.34837148333333)"
28990-000,"(-22.927351616666666, -42.44511796666667)"
28800-000,"(-22.713668068421054, -42.675477673684206)"
24890-000,"(-22.72611942857143, -42.7169465)"
28680-000,"(-22.4600286, -42.6601253)"
24900-000,"(-22.91867132857143, -42.83060545714286)"
24800-000,"(54.26075889166666, 9.529767121969696)"
25940-000,"(-22.5147382, -42.981943875)"
24425-285,"(50.3059768, 14.6012826)"
24320-330,"(49.3719057, -54.3137744)"
24220-000,"(58.297541, 25.8511593)"
24220-000,"(44.85043499019608, 1.0464706588235295)"
24230-030,"(-22.90859425, -43.1098502)"
21941-000,"(42.5891214, -2.0885974)"
20551-000,"(38.892183, -77.046515)"
20510-000,"(38.8944563, -77.0047249)"
22451-264,"(-22.986315, -43.24606716666667)"
22451-265,"(-22.98881325, -43.24870655)"
20560-000,"(51.22254054242424, 22.53053330909091)"
21061-000,"(59.43663991836735, 28.069617275510204)"
21012-350,"(-22.8293171, -43.28297)"
25213-005,"(-21.792378733333333, -43.50437326666667)"
25265-008,"(-22.69383115, -43.27652315)"
20766-000,"(40.7167835, -74.0500562)"
21072-000,"(59.439725410401465, 28.06414542992701)"
25850-000,"(-22.208416533333335, -43.240455)"
25040-004,"(-22.7491982, -43.2999451)"
20765-630,"(-22.8190054, -43.356858)"
22753-000,"(42.5573567, -0.78618755)"
22750-008,"(-22.9400514, -43.3381478)"
22765-000,"(53.55429334099963, 9.93326348387824)"
25555-000,"(42.3961107, 0.887443)"
22640-100,"(-22.9908759, -43.29516233333333)"
22783-116,"(45.4673875, 9.2300432)"
22790-000,"(42.75607012222222, -0.7540715333333333)"
22790-701,"(-23.01300498888889, -43.47497068888889)"
22795-000,"(31.55238378819444, -116.65672009375)"
21810-007,"(50.3491043, 12.6171018)"
21831-000,"(32.499748824444445, -116.75816017333334)"
27700-000,"(-22.4098276, -43.67034726666667)"
23890-000,"(45.7437273, 9.3799522)"
26600-000,"(-22.617138666666666, -43.70732746666667)"
27600-000,"(-22.24207122857143, -43.69942452857143)"
23860-000,"(-22.9611153, -44.0216415)"
27580-000,"(-22.432905, -44.57941498333333)"
23970-000,"(-23.21004093103448, -44.71500971034483)"
76980-000,"(-12.730497912068966, -60.14053285344827)"
76970-000,"(-11.67811152, -61.18304084)"
76940-000,"(-11.7202112, -61.7032288)"
76868-000,"(-9.4221822, -61.9867681)"
76920-000,"(-10.725068757142857, -62.25941621428572)"
76864-000,"(14.91340915, 120.22877154967964)"
76890-000,"(-10.451985175, -62.4593457)"
76800-000,"(-8.7652378, -63.9098226)"
76804-000,"(59.332637737, 24.108692628)"
76880-000,"(14.89725315, 120.22827138985596)"
76850-000,"(42.0186126, -1.486452)"
69318-000,"(54.441739029999994, 23.25401343)"
69303-000,"(58.09399312195122, 25.17906152398374)"
88010-400,"(-27.594652928571428, -48.54907844285714)"
88220-000,"(-27.10887829859155, -48.61285632042254)"
88333-000,"(42.5553353, -1.8518184)"
89240-000,"(-26.219222774242425, -48.586083719696965)"
88200-000,"(-27.2425473, -48.64231366470588)"
88780-000,"(-28.196371426785714, -48.68600449107143)"
88160-000,"(-27.47516018113208, -48.68970959811321)"
88340-000,"(-27.09379705, -48.65369333)"
88375-000,"(-26.855349225, -48.6558497625)"
89245-000,"(-26.425236245238096, -48.75616017857143)"
88790-000,"(-28.482172733333332, -48.772411356666666)"
88240-000,"(-27.29993948076923, -48.84851941153846)"
89270-000,"(-26.47720769456522, -48.99309767826087)"
89107-000,"(-26.735836433333333, -49.1662682469697)"
89130-000,"(-26.894468596428574, -49.22870374642857)"
89120-000,"(-26.83100593888889, -49.269422444444444)"
88820-000,"(-28.71230260952381, -49.30763580952381)"
88900-000,"(-28.93081026413793, -49.481831311724136)"
89295-000,"(-26.32744638181818, -49.535205363636365)"
89300-000,"(-26.107987657142857, -49.85195842857143)"
89460-000,"(-26.14807566153846, -50.39082627692308)"
89520-000,"(-27.28594225714286, -50.55196182857143)"
89400-000,"(-26.36747891111111, -51.341602888888886)"
89560-000,"(-27.002178651666664, -51.16166575833333)"
89620-000,"(-27.40033834571428, -51.22321078)"
89700-000,"(-27.229578435294115, -52.018790514705884)"
89820-000,"(-26.87378391913681, -52.4110947247557)"
89900-000,"(-26.73525314, -53.51883181)"
49700-000,"(30.62387295, 104.0779449438704)"
49095-000,"(-10.929677457142857, -37.08315452857143)"
49087-000,"(48.522489925475284, 35.060959588212924)"
49160-000,"(-10.861734508653846, -37.09943773846154)"
49100-000,"(-10.961657885714285, -37.176167310714284)"
49120-000,"(-11.00987115, -37.31859265)"
49200-000,"(-11.269470971428571, -37.428595692857144)"
49500-000,"(-11.12284698125, -37.5739685375)"
49680-000,"(-10.215852459999999, -37.42140013)"
49400-000,"(-10.917898814102564, -37.6677521)"
49810-000,"(-9.712556091304348, -37.66474302608696)"
49290-000,"(36.771746, -81.299843)"
49480-000,"(-10.7364309, -37.79715248)"
49300-000,"(-11.1809764, -38.0050058)"
11680-000,"(-23.442806322580644, -45.08506864451613)"
12570-000,"(-22.8441082265625, -45.229209834375)"
12460-000,"(-22.735225467088608, -45.58898608607595)"
12120-000,"(44.23151888888889, 2.488120897222222)"
11600-000,"(-23.77310617666667, -45.55269189)"
12247-004,"(-23.1572461, -45.7915007)"
12230-002,"(-23.2245068, -45.9077113)"
12246-000,"(42.6458650875, -73.7506065625)"
12213-000,"(24.700012366666666, 46.68071103333333)"
11250-000,"(-23.819749778260867, -46.089304578260865)"
07500-000,"(-23.309604692857143, -46.236907071428575)"
11432-501,"(49.7461017, 14.4758482)"
11460-004,"(-6.14743925, 106.7728969985375)"
11030-000,"(53.6952528, -6.9916071357843235)"
07432-575,"(-23.3945783, -46.3267104)"
09450-000,"(-23.7428006125, -46.3991877625)"
08460-000,"(-23.5461207, -46.403110975)"
11350-000,"(40.319176650014604, -89.70894914659365)"
9340,"(50.966100954700856, 3.945333557051282)"
08285-060,"(-23.552704833333333, -46.47056893333333)"
11717-260,"(60.7517833, 25.1230702)"
11702-200,"(-24.0059406, -46.4274353)"
11707-520,"(60.5539284, 25.2783629)"
13960-000,"(-22.592637811607144, -46.52804322946429)"
07600-000,"(-23.320936665762712, -46.58661107661017)"
09560-000,"(-23.6322785, -46.55677475)"
02220-000,"(-23.493575530612244, -46.58319215408163)"
09581-680,"(-23.633327, -46.5830522)"
09925-000,"(-23.6700161, -46.6185857)"
4849,"(48.046624097989955, 13.575597856281405)"
11730-000,"(-24.10923943846154, -46.659722069230774)"
07700-000,"(-23.372394075, -46.725245125)"
02675-031,"(-23.493941075, -46.75062385)"
05577-200,"(-23.5880713, -46.7511938)"
04941-175,"(33.9807401, -118.162731)"
13990-000,"(-22.1968897, -46.7571283)"
06810-240,"(-23.646875, -46.8138852)"
06900-000,"(-23.79200652878788, -46.80452146515151)"
11740-000,"(-24.178247023636366, -46.79590730545455)"
13219-000,"(37.433953, 127.1701632)"
07750-000,"(-23.356288116666665, -46.8666296)"
13720-000,"(-21.5951133625, -46.8945266625)"
13920-000,"(-22.744293, -46.90336745)"
13880-000,"(-21.8344582875, -46.8994298975)"
13209-000,"(43.07822471117755, -76.23921397166583)"
6717,"(49.743105694643944, 5.7655646107121115)"
13290-000,"(-23.087698165625, -46.96342205)"
6700,"(-34.57364540957055, -59.10850946196319)"
13213-000,"(54.541526854, 25.290023314)"
13280-000,"(-23.029846955, -46.985039495)"
13274-465,"(-22.973136175, -47.002840255)"
11750-000,"(-24.300318371875, -46.9946469875)"
13820-000,"(-22.70109778666667, -46.98362773555555)"
06730-000,"(-23.615588295604397, -47.01228698791209)"
13860-000,"(-22.057197317391303, -46.978597317391305)"
13295-000,"(-23.15340905925926, -47.05920402222222)"
13315-000,"(-23.30180418, -47.110727393333335)"
13050-000,"(29.3701365, 47.9923702)"
13061-155,"(53.5680635, -7.187464352348302)"
13060-000,"(45.60527962933334, 8.287505974)"
13033-000,"(12.1129034, -86.2885812)"
13054-000,"(12.1086829, -86.2870055)"
13160-000,"(-22.581268, -47.1602291)"
13056-000,"(42.673363, -76.072759)"
13140-000,"(-22.766398225, -47.149168116666665)"
13059-000,"(52.577162836209745, 13.520206830429396)"
13150-000,"(-22.7010256, -47.1918445)"
13181-513,"(61.8765891, 22.0755662)"
13178-000,"(54.6087582, 25.5186216)"
13187-000,"(52.569306458316014, 13.408755876680527)"
13183-091,"(60.1674881, 24.9427473)"
18150-000,"(-23.676403580000002, -47.213023414999995)"
18120-000,"(-23.52295918, -47.20309762)"
13188-000,"(42.8699917, -76.0276663)"
13345-000,"(37.43942066666667, 127.143135925)"
13650-000,"(-21.818998533333335, -47.23643863333333)"
13460-000,"(-22.764866465, -47.2444760125)"
13190-000,"(-22.9144886, -47.24593535)"
13487-000,"(37.40116235625, 127.10290549375)"
14402-000,"(37.53296302702703, 126.78566221891892)"
13485-000,"(37.38753114, 127.08811894000002)"
13454-000,"(43.15844112083333, -74.75784352886905)"
14404-000,"(37.8755044, -4.79709575)"
14400-000,"(22.86415985, -83.04662295)"
13481-000,"(37.3900306, 127.0963276)"
13480-000,"(43.46213499840183, 5.354468710730593)"
14407-000,"(54.0807348077193, 19.916112259415204)"
18170-000,"(-23.719880188235294, -47.410357705882355)"
13483-000,"(37.3872062, 127.09139456666668)"
13660-000,"(-21.8618594, -47.48276275)"
18077-000,"(40.575255039285715, -75.22606860357142)"
13360-000,"(-22.9858334, -47.5107032)"
18074-000,"(40.308533193548385, -75.49847922258064)"
18540-000,"(-23.216790683333333, -47.51569236666667)"
13505-000,"(52.58229517332751, 13.228037034455618)"
14300-000,"(-20.897295457142857, -47.616292085714285)"
18160-000,"(-23.644037714285712, -47.57378816666667)"
13504-000,"(37.41147117799443, 127.13601670891366)"
13390-000,"(-22.8171096, -47.6360426)"
14150-000,"(-21.20792854814815, -47.602784774074074)"
18560-000,"(-23.374131116666664, -47.64741886666667)"
18190-000,"(-23.511354108510638, -47.621578459574465)"
13401-000,"(50.022677025, 29.02460645)"
18550-000,"(-23.28304401111111, -47.67620301296296)"
18530-000,"(-23.09565855185185, -47.71874935925926)"
14140-000,"(-21.337677430000003, -47.73263115)"
18520-000,"(-23.16860537272727, -47.74694798181818)"
14080-000,"(37.9700948, -4.8113285)"
14500-000,"(-20.335367569565218, -47.78831609565218)"
14060-000,"(34.2423611, -6.532445533333334)"
11900-000,"(-24.490435565957448, -47.84965413829787)"
14050-000,"(19.294302814285714, -99.16141671428572)"
14680-000,"(-21.021358525, -47.767136575)"
14030-680,"(40.49633527660109, -111.87261353560518)"
14031-000,"(45.00064453333333, 8.282742191666667)"
14620-000,"(-20.712367854285713, -47.88357773642857)"
13520-000,"(-22.552593573913043, -47.900897682608694)"
14600-000,"(-20.58719148409091, -47.865716718181815)"
14815-000,"(-21.9850428, -47.99884055)"
14820-000,"(-21.728039875, -48.09482645)"
14180-000,"(-21.028303873333332, -48.051728626666666)"
14807-000,"(42.415335250918794, -77.69352583177238)"
14840-000,"(-21.354289066666666, -48.22609396666667)"
14750-000,"(61.044073, 27.7756275)"
14790-000,"(-20.324729983333334, -48.31486523333333)"
15910-000,"(-21.261222890322582, -48.48883670322581)"
15900-000,"(-21.4048962, -48.5022148)"
18650-000,"(-22.74207006, -48.570411480000004)"
17340-000,"(-22.48947872777778, -48.55965415)"
14781-000,"(37.47649025, 126.81500485)"
17250-000,"(-22.07108065, -48.73391335)"
14900-000,"(-21.595593266666665, -48.81625786666667)"
14940-000,"(-21.75598825, -48.83393401428572)"
17280-000,"(-22.34744954642857, -48.780671285714284)"
18400-000,"(-24.009837342857143, -48.872018485714285)"
15400-000,"(-20.7469239, -48.918210275)"
15800-000,"(-21.1131874, -48.9968888)"
17120-000,"(-22.40004175, -49.026243)"
14960-000,"(-21.4667985, -49.2220377)"
18460-000,"(39.65205475130446, -88.12921070716203)"
15047-000,"(59.4329344, 24.73787355)"
15130-000,"(-20.8177195125, -49.5112415275)"
18900-000,"(-22.889762066666666, -49.61737593333333)"
17400-000,"(-22.21442704375, -49.66431745625)"
15200-000,"(-21.0525825, -49.69009445)"
16370-000,"(-21.542027733333335, -49.8560389)"
16300-000,"(-21.415913141666664, -50.07895905833333)"
15600-000,"(-20.28180643611111, -50.24947028333333)"
19700-000,"(-22.42002714516129, -50.57911689677419)"
17900-000,"(-21.48156006984127, -51.53919036904762)"
19400-000,"(-21.820030475, -51.8482330625)"
19470-000,"(-21.771299130769233, -52.112731207692306)"
77950-000,"(-5.650066035887097, -48.11321297782258)"
77500-000,"(-10.708940345714286, -48.406658397142856)"
77760-000,"(-8.057193843700787, -48.471918973622046)"
77600-000,"(-10.180223938805971, -48.88695094776119)"
